model,compute,date,cost,year,largest_model,largest_model_name,log_compute,period
FunSearch,3.87e+23,2023-12-14,0.0,2023,5.0000000001e+25,Gemini 1.0 Ultra,23.58771096501891,2023-12
CogAgent,6.707e+22,2023-12-14,0.0,2023,5.0000000001e+25,Gemini 1.0 Ultra,22.826528306340652,2023-12
Llama Guard,1.6e+23,2023-12-07,0.0,2023,5.0000000001e+25,Gemini 1.0 Ultra,23.204119982655925,2023-12
Gemini 1.0 Ultra,5.0000000001e+25,2023-12-06,29827341.919963885,2023,5.0000000001e+25,Gemini 1.0 Ultra,25.698970004344705,2023-12
Gemini 1.0 Pro,1.830001e+24,2023-12-06,0.0,2023,2.2e+25,GPT-4 Turbo,24.262451327049753,2023-12
Qwen-72B,1.3e+24,2023-11-30,0.0,2023,2.2e+25,GPT-4 Turbo,24.113943352306837,2023-11
Inflection-2,1.001e+25,2023-11-22,12961959.001361668,2023,2.2e+25,GPT-4 Turbo,25.00043407747932,2023-11
Nemotron-3-8B,1.8e+23,2023-11-15,214467.02013524104,2023,2.2e+25,GPT-4 Turbo,23.255272505103306,2023-11
GraphCast,2.1e+22,2023-11-14,0.0,2023,2.2e+25,GPT-4 Turbo,22.32221929473392,2023-11
Volcano 13B,4.56e+22,2023-11-13,0.0,2023,2.2e+25,GPT-4 Turbo,22.658964842664435,2023-11
SPHINX (Llama 2 13B),3.04e+22,2023-11-13,239188.6875340231,2023,2.2e+25,GPT-4 Turbo,22.482873583608754,2023-11
MultiBand Diffusion,2.6e+19,2023-11-08,22.81032329809286,2023,2.2e+25,GPT-4 Turbo,19.414973347970818,2023-11
GPT-4 Turbo,2.2e+25,2023-11-06,0.0,2023,2.2e+25,GPT-4 Turbo,25.342422680822207,2023-11
CogVLM-17B,6.331e+22,2023-11-06,0.0,2023,2.1e+25,GPT-4,22.801472313521472,2023-11
LLaVA 1.5,7.807e+22,2023-11-05,0.0,2023,2.1e+25,GPT-4,22.892484179364686,2023-11
Grok-1,2.90000000001e+24,2023-11-04,0.0,2023,2.1e+25,GPT-4,24.462397997900453,2023-11
Yi-34B,6.1e+23,2023-11-02,0.0,2023,2.1e+25,GPT-4,23.785329835010767,2023-11
Skywork-13B,2.5e+23,2023-10-30,0.0,2023,2.1e+25,GPT-4,23.397940008672037,2023-10
ChatGLM3-6B,5.04e+22,2023-10-27,0.0,2023,2.1e+25,GPT-4,22.702430536445526,2023-10
CODEFUSION (Python),7.92e+18,2023-10-26,8.542235671062665,2023,2.1e+25,GPT-4,18.898725181589494,2023-10
FinGPT-13B,1.6e+23,2023-10-07,0.0,2023,2.1e+25,GPT-4,23.204119982655925,2023-10
Amazon Titan,4.8e+24,2023-09-28,0.0,2023,2.1e+25,GPT-4,24.681241237375588,2023-09
Falcon-180B,3.76e+24,2023-09-06,10340911.710964862,2023,2.1e+25,GPT-4,24.57518784492766,2023-09
Swift,5.337e+16,2023-08-30,0.0,2023,2.1e+25,GPT-4,16.727297202803587,2023-08
Jais,3.08e+22,2023-08-29,0.0,2023,2.1e+25,GPT-4,22.488550716500445,2023-08
PeptideBERT,4.9e+16,2023-08-28,0.0,2023,2.1e+25,GPT-4,16.690196080028514,2023-08
GGNN,7.56e+21,2023-08-05,0.0,2023,2.1e+25,GPT-4,21.878521795501207,2023-08
AudioLM,3.9e+18,2023-07-26,0.0,2023,2.1e+25,GPT-4,18.5910646070265,2023-07
Llama 2-70B,8.1e+23,2023-07-18,1099604.9936612176,2023,2.1e+25,GPT-4,23.90848501887865,2023-07
Llama 2-7B,8.4e+22,2023-07-18,114259.38527188863,2023,2.1e+25,GPT-4,22.924279286061882,2023-07
Claude 2,3.866e+24,2023-07-11,0.0,2023,2.1e+25,GPT-4,24.587261849692535,2023-07
xTrimoPGLM -100B,6.2e+23,2023-07-06,1818526.294987458,2023,2.1e+25,GPT-4,23.792391689498253,2023-07
InternLM,6.000001e+23,2023-07-06,0.0,2023,2.1e+25,GPT-4,23.77815132276605,2023-07
Pangu-Weather,3.98e+22,2023-07-05,51279.01751905432,2023,2.1e+25,GPT-4,22.599883072073688,2023-07
HyenaDNA,1.811e+21,2023-06-27,5000.0,2023,2.1e+25,GPT-4,21.257918450314058,2023-06
ONE-PEACE,1.8e+20,2023-05-18,0.0,2023,2.1e+25,GPT-4,20.255272505103306,2023-05
InstructBLIP,1.94e+20,2023-05-11,0.0,2023,2.1e+25,GPT-4,20.287801729930226,2023-05
PaLM 2,7.34e+24,2023-05-10,4865570.06395341,2023,2.1e+25,GPT-4,24.865696059916072,2023-05
StarCoder,8.46e+22,2023-05-09,212217.65075330864,2023,2.1e+25,GPT-4,22.927370363039024,2023-05
LLaVA,7.8049e+22,2023-04-17,42.46267260692187,2023,2.1e+25,GPT-4,22.89236734305168,2023-04
DINOv2,7.41851136e+21,2023-04-14,10203.60518105836,2023,2.1e+25,GPT-4,21.87031676606081,2023-04
Incoder-6.7B,3.00001e+21,2023-04-09,3129.0771365574788,2023,2.1e+25,GPT-4,21.477122702365524,2023-04
Segment Anything Model,7.8e+21,2023-04-05,15888.411228475235,2023,2.1e+25,GPT-4,21.89209460269048,2023-04
BloombergGPT,2.36e+23,2023-03-30,369586.1352802876,2023,2.1e+25,GPT-4,23.372912002970107,2023-03
VideoMAE V2,9.7e+21,2023-03-29,18339.96928068276,2023,2.1e+25,GPT-4,21.986771734266245,2023-03
PanGu-Σ,4.67e+23,2023-03-20,0.0,2023,2.1e+25,GPT-4,23.66931688056611,2023-03
GPT-4,2.1e+25,2023-03-15,40586592.57781653,2023,2.1e+25,GPT-4,25.32221929473392,2023-03
Falcon-40B,2.4e+23,2023-03-15,319783.157242365,2023,2.7415e+24,Minerva (540B),23.380211241711606,2023-03
AudioGen,9.5e+21,2023-03-05,9429.74091062958,2023,2.7415e+24,Minerva (540B),21.977723605288848,2023-03
DiT-XL/2,6e+20,2023-03-02,111048.19613085664,2023,2.7415e+24,Minerva (540B),20.778151250383644,2023-03
LLaMA-65B,5.5e+23,2023-02-24,576476.4930991895,2023,2.7415e+24,Minerva (540B),23.740362689494244,2023-02
ViT-22B,1.93248e+23,2023-02-10,285555.57016183576,2023,2.7415e+24,Minerva (540B),23.286115007928224,2023-02
BLIP-2 (Q-Former),1.20000000001e+21,2023-01-30,1960.8225382725807,2023,2.7415e+24,Minerva (540B),21.079181246051245,2023-01
DDPM-IP (CelebA),3.5e+20,2023-01-27,390.4861317667304,2023,2.7415e+24,Minerva (540B),20.544068044350276,2023-01
Ankh_large,6.5e+21,2023-01-16,4802.398249072418,2023,2.7415e+24,Minerva (540B),21.812913356642856,2023-01
Nucleotide Transformer,8.08e+21,2023-01-15,51064.70621394041,2023,2.7415e+24,Minerva (540B),21.907411360774585,2023-01
VALL-E,1.01e+19,2023-01-05,11.40575196486363,2023,2.7415e+24,Minerva (540B),19.00432137378264,2023-01
Hybrid H3-2.7B,8.49e+20,2022-12-28,0.0,2022,2.7415e+24,Minerva (540B),20.928907690243953,2022-12
CaLM,2.9e+19,2022-12-19,0.0,2022,2.7415e+24,Minerva (540B),19.462397997898957,2022-12
GPT-3.5,2.578e+24,2022-11-28,4625550.747400068,2022,2.7415e+24,Minerva (540B),24.411282913017384,2022-11
Discriminator Guidance,2.1570000001e+20,2022-11-28,337.8811363173893,2022,2.7415e+24,Minerva (540B),20.33385014512268,2022-11
AR-LDM,5.1e+20,2022-11-20,745.8360575556148,2022,2.7415e+24,Minerva (540B),20.707570176097935,2022-11
Fusion in Encoder,1.3e+20,2022-11-18,233.0630322095263,2022,2.7415e+24,Minerva (540B),20.113943352306837,2022-11
Galactica,3.24e+23,2022-11-16,591076.8943544837,2022,2.7415e+24,Minerva (540B),23.510545010206613,2022-11
EVA-01,1.501e+22,2022-11-14,29374.46909439904,2022,2.7415e+24,Minerva (540B),22.17638069224327,2022-11
InternImage,2.408e+21,2022-11-10,0.0,2022,2.7415e+24,Minerva (540B),21.381656482585786,2022-11
Mogrifier RLSTM (WT2),1.4e+17,2022-11-03,0.0,2022,2.7415e+24,Minerva (540B),17.146128035678238,2022-11
eDiff-I,5.46e+19,2022-11-02,0.0,2022,2.7415e+24,Minerva (540B),19.737192642704738,2022-11
U-PaLM (540B),2.53e+24,2022-10-20,0.0,2022,2.7415e+24,Minerva (540B),24.40312052117582,2022-10
Flan-T5 11B,3.3e+22,2022-10-20,98374.29476250126,2022,2.7415e+24,Minerva (540B),22.518513939877888,2022-10
Flan-PaLM 540B,2.5e+24,2022-10-20,0.0,2022,2.7415e+24,Minerva (540B),24.397940008672037,2022-10
GenSLM,1.42e+21,2022-10-11,0.0,2022,2.7415e+24,Minerva (540B),21.152288344383056,2022-10
DiffDock,7.2e+19,2022-10-04,0.0,2022,2.7415e+24,Minerva (540B),19.85733249643127,2022-10
Whisper,4.2072663e+21,2022-09-21,0.0,2022,2.7415e+24,Minerva (540B),21.624000001667657,2022-09
PaLI,1.69e+23,2022-09-14,50878.10777366616,2022,2.7415e+24,Minerva (540B),23.227886704613674,2022-09
BEIT-3,7e+19,2022-08-22,0.0,2022,2.7415e+24,Minerva (540B),19.845098040014257,2022-08
BlenderBot 3,4.3e+23,2022-08-10,0.0,2022,2.7415e+24,Minerva (540B),23.633468455579585,2022-08
GLM-130B,3.5490054945e+23,2022-08-04,820296.6313095269,2022,2.7415e+24,Minerva (540B),23.550106671714225,2022-08
AlexaTM 20B,2.04374016e+23,2022-08-02,267943.21130997164,2022,2.7415e+24,Minerva (540B),23.310425679010848,2022-08
OmegaPLM,1.03514112e+22,2022-07-22,52400.32118528479,2022,2.7415e+24,Minerva (540B),22.014999560864865,2022-07
ESM2-15B,7.35000000001e+22,2022-07-21,163467.82019979745,2022,2.7415e+24,Minerva (540B),22.866287339084785,2022-07
BLOOM-176B,3.65664e+23,2022-07-11,901068.6599742996,2022,2.7415e+24,Minerva (540B),23.563082205700514,2022-07
NLLB,1.751113728e+22,2022-07-06,50667.25034038439,2022,2.7415e+24,Minerva (540B),22.243314352730454,2022-07
CodeT5-large,2.72e+21,2022-07-05,4478.145684414144,2022,2.7415e+24,Minerva (540B),21.434568904034197,2022-07
Minerva (540B),2.7415e+24,2022-06-29,0.0,2022,2.7415e+24,Minerva (540B),24.4379882502195,2022-06
ProGen2-xlarge,1.35e+22,2022-06-27,11850.178410269727,2022,2.5272e+24,PaLM (540B),22.130333768495007,2022-06
Parti,3.962895376192635e+23,2022-06-22,344852.94872144435,2022,2.5272e+24,PaLM (540B),23.59801260674196,2022-06
CoCa,7.3e+22,2022-06-14,78043.3756911775,2022,2.5272e+24,PaLM (540B),22.863322860120455,2022-06
DITTO,1.1e+19,2022-06-06,0.0,2022,2.5272e+24,PaLM (540B),19.041392685158225,2022-06
Tranception,7.24e+21,2022-05-27,15247.43608848737,2022,2.5272e+24,PaLM (540B),21.859738566197148,2022-05
Imagen,1.46e+22,2022-05-23,7915.823806150154,2022,2.5272e+24,PaLM (540B),22.164352855784436,2022-05
Gato,4.02e+21,2022-05-12,3523.0649800752253,2022,2.5272e+24,PaLM (540B),21.60422605308447,2022-05
UL2,1.2e+23,2022-05-10,126785.76203549476,2022,2.5272e+24,PaLM (540B),23.079181246047625,2022-05
OPT-175B,4.3e+23,2022-05-02,731667.6068059877,2022,2.5272e+24,PaLM (540B),23.633468455579585,2022-05
Flamingo,2.18972000000001e+23,2022-04-29,183423.16330597224,2022,2.5272e+24,PaLM (540B),23.340388585055067,2022-04
Sparse all-MLP,6.0770304e+19,2022-04-14,0.0,2022,2.5272e+24,PaLM (540B),19.78369140888627,2022-04
Stable Diffusion (LDM-KL-8-G),5e+22,2022-04-13,111248.21698072633,2022,2.5272e+24,PaLM (540B),22.69897000433602,2022-04
BERT-RBP,1.4e+20,2022-04-07,0.0,2022,2.5272e+24,PaLM (540B),20.146128035678238,2022-04
PaLM (540B),2.5272e+24,2022-04-04,2945949.763287097,2022,2.5272e+24,PaLM (540B),24.402639612897094,2022-04
Chinchilla,5.76e+23,2022-03-29,0.0,2022,2.047e+24,FLAN 137B,23.760422483423213,2022-03
"Segatron-XL large, M=384 + HCP",2.65e+19,2022-03-21,0.0,2022,2.047e+24,FLAN 137B,19.423245873936807,2022-03
ViT-G (model soup),3.4e+21,2022-03-10,0.0,2022,2.047e+24,FLAN 137B,21.531478917042254,2022-03
PolyCoder,1.1e+21,2022-02-26,0.0,2022,2.047e+24,FLAN 137B,21.041392685158225,2022-02
ST-MoE,2.9e+23,2022-02-17,0.0,2022,2.047e+24,FLAN 137B,23.462397997898957,2022-02
ProteinBERT,6.5e+19,2022-02-10,0.0,2022,2.047e+24,FLAN 137B,19.812913356642856,2022-02
LaMDA,3.55e+23,2022-02-10,229949.98625999544,2022,2.047e+24,FLAN 137B,23.550228353055093,2022-02
GPT-NeoX-20B,9.31627008e+22,2022-02-09,184272.8073600264,2022,2.047e+24,FLAN 137B,22.96924207030419,2022-02
RETRO-7B,1.68e+22,2022-02-07,0.0,2022,2.047e+24,FLAN 137B,22.225309281725863,2022-02
AlphaCode,1.63944e+23,2022-02-02,0.0,2022,2.047e+24,FLAN 137B,23.214695527046413,2022-02
InstructGPT 175B,3.19181e+23,2022-01-27,0.0,2022,2.047e+24,FLAN 137B,23.50403703104727,2022-01
Detic,2.34399744e+19,2022-01-07,191.4458182561613,2022,2.047e+24,FLAN 137B,19.369957133031,2022-01
ERNIE 3.0 Titan,1.0421e+24,2021-12-23,0.0,2021,2.047e+24,FLAN 137B,24.017909395896687,2021-12
XGLM-7.5B,2.25e+22,2021-12-20,104152.22590136188,2021,2.047e+24,FLAN 137B,22.352182518111363,2021-12
GLIDE,4.7e+22,2021-12-20,0.0,2021,2.047e+24,FLAN 137B,22.672097857935718,2021-12
Contriever,1.57e+20,2021-12-16,0.0,2021,2.047e+24,FLAN 137B,20.195899652409235,2021-12
GLaM,3.6363112434e+23,2021-12-13,541437.4162400038,2021,2.047e+24,FLAN 137B,23.560661048781533,2021-12
Gopher (280B),6.31e+23,2021-12-08,616611.1391817601,2021,2.047e+24,FLAN 137B,23.800029359244135,2021-12
Student of Games,3.667927300468287e+22,2021-12-06,0.0,2021,2.047e+24,FLAN 137B,22.56442071922308,2021-12
NÜWA,4.8384e+21,2021-11-24,0.0,2021,2.047e+24,FLAN 137B,21.684701769485095,2021-11
Florence,4.831e+22,2021-11-22,106950.61569328008,2021,2.047e+24,FLAN 137B,22.68403703748652,2021-11
BASIC-L,4.12e+22,2021-11-19,1684.770712126102,2021,2.047e+24,FLAN 137B,22.614897216033135,2021-11
Swin Transformer V2 (SwinV2-G),1.1e+21,2021-11-18,2326.6636503781665,2021,2.047e+24,FLAN 137B,21.041392685158225,2021-11
Masked Autoencoders ViT-H,4.6e+20,2021-11-11,0.0,2021,2.047e+24,FLAN 137B,20.662757831681574,2021-11
Projected GAN,1.05e+19,2021-11-01,0.0,2021,2.047e+24,FLAN 137B,19.02118929906994,2021-11
CodeT5-base,1.56e+21,2021-11-01,3114.8690946174474,2021,2.047e+24,FLAN 137B,21.193124598354462,2021-11
S4,6e+20,2021-10-31,0.0,2021,2.047e+24,FLAN 137B,20.778151250383644,2021-10
base LM+GNN+kNN,7.3e+18,2021-10-17,0.0,2021,2.047e+24,FLAN 137B,18.863322860120455,2021-10
T0-XXL,9.1819e+20,2021-10-15,11671.840843653788,2021,2.047e+24,FLAN 137B,20.962932558558006,2021-10
Yuan 1.0,3.5380000000001e+23,2021-10-12,0.0,2021,2.047e+24,FLAN 137B,23.548757828573716,2021-10
Megatron-Turing NLG 530B,1.17e+24,2021-10-11,3704291.3087597536,2021,2.047e+24,FLAN 137B,24.068185861746162,2021-10
AlphaFold-Multimer,4.35e+21,2021-10-04,7966.2330131223,2021,2.047e+24,FLAN 137B,21.63848925695464,2021-10
PLATO-XL,9.9e+21,2021-09-20,0.0,2021,2.047e+24,FLAN 137B,21.99563519459755,2021-09
PermuteFormer,2.775e+18,2021-09-06,0.0,2021,2.047e+24,FLAN 137B,18.443262987458695,2021-09
FLAN 137B,2.047e+24,2021-09-03,230526.76439336664,2021,2.047e+24,FLAN 137B,24.311117842662505,2021-09
XLMR-XXL,3.366e+22,2021-08-17,0.0,2021,3.7e+23,Jurassic-1-Jumbo,22.527114111639804,2021-08
DNABERT,1.07e+20,2021-08-15,0.0,2021,3.7e+23,Jurassic-1-Jumbo,20.029383777685208,2021-08
Zidong Taichu,8.016e+20,2021-08-11,0.0,2021,3.14e+23,GPT-3 175B (davinci),20.90395770852317,2021-08
Jurassic-1-Jumbo,3.7e+23,2021-08-11,0.0,2021,3.7e+23,Jurassic-1-Jumbo,23.568201724066995,2021-08
YOLOX-X,6.34275e+20,2021-08-06,0.0,2021,3.14e+23,GPT-3 175B (davinci),20.802277593982964,2021-08
SEER,1.8e+22,2021-07-29,34114.252463690456,2021,3.14e+23,GPT-3 175B (davinci),22.255272505103306,2021-07
HuBERT,5.54e+21,2021-07-27,0.0,2021,3.14e+23,GPT-3 175B (davinci),21.74350976472843,2021-07
GOAT,2.412e+22,2021-07-27,84799.78517435073,2021,3.14e+23,GPT-3 175B (davinci),22.382377303468115,2021-07
Codex,7.344e+22,2021-07-07,0.0,2021,3.14e+23,GPT-3 175B (davinci),22.865932668193185,2021-07
ERNIE 3.0,2.25e+22,2021-07-05,39104.26710360624,2021,3.14e+23,GPT-3 175B (davinci),22.352182518111363,2021-07
Adaptive Input Transformer + RD,8.2e+19,2021-06-28,0.0,2021,3.14e+23,GPT-3 175B (davinci),19.913813852383715,2021-06
EfficientNetV2-XL,9.56e+19,2021-06-23,104.34013401561587,2021,3.14e+23,GPT-3 175B (davinci),19.9804578922761,2021-06
Denoising Diffusion Probabilistic Models (LSUN Bedroom),3.8e+20,2021-06-11,436.308484475363,2021,3.14e+23,GPT-3 175B (davinci),20.57978359661681,2021-06
ALIGN,2.598670000001e+22,2021-06-11,32852.91660437908,2021,3.14e+23,GPT-3 175B (davinci),22.414751132799207,2021-06
DeBERTa,2.588e+22,2021-06-10,6682.2289986716,2021,3.14e+23,GPT-3 175B (davinci),22.412964271996664,2021-06
EMDR,1.91e+21,2021-06-09,2773.3124307816734,2021,3.14e+23,GPT-3 175B (davinci),21.281033367247726,2021-06
CoAtNet,4.27e+22,2021-06-09,1887.1635925610951,2021,3.14e+23,GPT-3 175B (davinci),22.630427875025024,2021-06
ViT-G/14,5.85e+22,2021-06-08,3847.8613922131217,2021,3.14e+23,GPT-3 175B (davinci),22.76715586608218,2021-06
ByT5-XXL,8.1e+22,2021-05-28,92453.37635669748,2021,3.14e+23,GPT-3 175B (davinci),22.90848501887865,2021-05
Transformer local-attention (NesT-B),2.40576e+19,2021-05-26,0.0,2021,3.14e+23,GPT-3 175B (davinci),19.3812522996977,2021-05
CogView,2.68e+22,2021-05-26,60071.706664791694,2021,3.14e+23,GPT-3 175B (davinci),22.42813479402879,2021-05
MedBERT,9.47e+18,2021-05-20,62.48645493610712,2021,3.14e+23,GPT-3 175B (davinci),18.976349979003274,2021-05
ADM,6.2e+21,2021-05-11,11274.484326547095,2021,3.14e+23,GPT-3 175B (davinci),21.792391689498253,2021-05
ProtT5-XXL-BFD,3.7e+22,2021-05-04,43025.05718973151,2021,3.14e+23,GPT-3 175B (davinci),22.568201724066995,2021-05
ProtT5-XXL,7.37e+22,2021-05-04,85701.26256441118,2021,3.14e+23,GPT-3 175B (davinci),22.867467487859052,2021-05
ProtBERT-BFD,3.9e+22,2021-05-04,45350.73595674404,2021,3.14e+23,GPT-3 175B (davinci),22.5910646070265,2021-05
ViT + DINO,2.1e+20,2021-04-29,380.2849049080349,2021,3.14e+23,GPT-3 175B (davinci),20.32221929473392,2021-04
PLUG,3.5997696e+22,2021-04-19,108672.69136370042,2021,3.14e+23,GPT-3 175B (davinci),22.556274705030972,2021-04
M6-T,5.5e+21,2021-03-05,13156.86123531961,2021,3.14e+23,GPT-3 175B (davinci),21.740362689494244,2021-03
Generative BST,1.449e+22,2021-03-05,0.0,2021,3.14e+23,GPT-3 175B (davinci),22.161068385471175,2021-03
Meta Pseudo Labels,4.79e+22,2021-03-01,53844.28059190435,2021,3.14e+23,GPT-3 175B (davinci),22.680335513414562,2021-03
SRU++ Large,1.1e+19,2021-02-24,0.0,2021,3.14e+23,GPT-3 175B (davinci),19.041392685158225,2021-02
MSA Transformer,5.49e+21,2021-02-13,13256.937301517895,2021,3.14e+23,GPT-3 175B (davinci),21.739572344450092,2021-02
DeiT-B,7.884e+19,2021-01-15,0.0,2021,3.14e+23,GPT-3 175B (davinci),19.896746615607405,2021-01
Switch,8.22e+22,2021-01-11,139663.55942731188,2021,3.14e+23,GPT-3 175B (davinci),22.91487181754005,2021-01
DALL-E,4.7e+22,2021-01-05,118437.35864214256,2021,3.14e+23,GPT-3 175B (davinci),22.672097857935718,2021-01
CLIP (ViT L/14@336px),1.05e+22,2021-01-05,24638.518413409514,2021,3.14e+23,GPT-3 175B (davinci),22.02118929906994,2021-01
ERNIE-Doc (247M),2.91e+19,2020-12-31,0.0,2020,3.14e+23,GPT-3 175B (davinci),19.463892988985908,2020-12
CT-MoS (WT2),5.62e+17,2020-12-25,0.0,2020,3.14e+23,GPT-3 175B (davinci),17.749736315569063,2020-12
DensePhrases,2.09952e+18,2020-12-23,0.0,2020,3.14e+23,GPT-3 175B (davinci),18.322120016077207,2020-12
ESM1b,5.1e+21,2020-12-15,924.3248891034536,2020,3.14e+23,GPT-3 175B (davinci),21.707570176097935,2020-12
CPM-Large,1.8e+21,2020-12-01,7340.099044719796,2020,3.14e+23,GPT-3 175B (davinci),21.255272505103306,2020-12
AlphaFold 2,2.99e+21,2020-11-30,3841.772612266474,2020,3.14e+23,GPT-3 175B (davinci),21.47567118832443,2020-11
KEPLER,1.24e+20,2020-11-23,0.0,2020,3.14e+23,GPT-3 175B (davinci),20.093421685162234,2020-11
wave2vec 2.0 LARGE,1.9e+21,2020-10-22,5021.241075362514,2020,3.14e+23,GPT-3 175B (davinci),21.27875360095283,2020-10
ViT-Huge/14,4.262e+21,2020-10-22,6724.023241261178,2020,3.14e+23,GPT-3 175B (davinci),21.629613445378183,2020-10
German ELECTRA Large,1.42829568e+21,2020-10-21,2392.2883349806307,2020,3.14e+23,GPT-3 175B (davinci),21.154818122636097,2020-10
GBERT-Large,2.2444646e+21,2020-10-21,3771.13338489269,2020,3.14e+23,GPT-3 175B (davinci),21.351112760040234,2020-10
mT5-XXL,8.2e+22,2020-10-20,0.0,2020,3.14e+23,GPT-3 175B (davinci),22.913813852383715,2020-10
Conformer + Wav2vec 2.0 + Noisy Student,7.6e+21,2020-10-20,9449.541661137231,2020,3.14e+23,GPT-3 175B (davinci),21.88081359228079,2020-10
LUKE,1.8144e+22,2020-10-02,4186.383565732907,2020,3.14e+23,GPT-3 175B (davinci),22.258733037212814,2020-10
ProBERTa,9.72e+18,2020-09-01,26.206992435694065,2020,3.14e+23,GPT-3 175B (davinci),18.987666264926276,2020-09
ERNIE-GEN (large),2e+20,2020-08-06,0.0,2020,3.14e+23,GPT-3 175B (davinci),20.30102999566398,2020-08
DeLighT,2.4e+19,2020-08-03,0.0,2020,3.14e+23,GPT-3 175B (davinci),19.380211241711606,2020-08
GShard (dense),4.765e+22,2020-06-30,256224.76861369325,2020,3.14e+23,GPT-3 175B (davinci),22.678062904974347,2020-06
iGPT-XL,3.3e+22,2020-06-17,98082.33822642289,2020,3.14e+23,GPT-3 175B (davinci),22.518513939877888,2020-06
iGPT-L,8.91e+21,2020-06-17,30093.444683107013,2020,3.14e+23,GPT-3 175B (davinci),21.949877704036876,2020-06
GPT-3 175B (davinci),3.14e+23,2020-05-28,2056969.3385324872,2020,3.14e+23,GPT-3 175B (davinci),23.496929648073216,2020-05
DETR,4e+20,2020-05-26,959.9097627206426,2020,2.00010000000001e+23,AlphaGo Master,20.602059991327963,2020-05
NAS+ESS (156M),2.89e+18,2020-05-06,0.0,2020,2.00010000000001e+23,AlphaGo Master,18.460897842756548,2020-05
UnifiedQA,1.65e+19,2020-05-02,0.0,2020,2.00010000000001e+23,AlphaGo Master,19.217483944213907,2020-05
ATLAS,3.825792e+19,2020-05-02,59.12208690735248,2020,2.00010000000001e+23,AlphaGo Master,19.582721354685578,2020-05
Once for All,1.78428096e+21,2020-04-29,1753.9255676777682,2020,2.00010000000001e+23,AlphaGo Master,21.251463241166956,2020-04
ELECTRA,3.1e+21,2020-03-23,0.0,2020,2.00010000000001e+23,AlphaGo Master,21.49136169383427,2020-03
Tensor-Transformer(1core)+PN (WT103),1.58e+18,2020-03-17,0.0,2020,2.00010000000001e+23,AlphaGo Master,18.198657086954423,2020-03
TransformerXL + spectrum control,4.6e+17,2020-03-11,0.0,2020,2.00010000000001e+23,AlphaGo Master,17.662757831681574,2020-03
Feedback Transformer,4.41e+19,2020-02-21,0.0,2020,2.00010000000001e+23,AlphaGo Master,19.64443858946784,2020-02
Turing-NLG,1.57e+22,2020-02-13,51659.713290894986,2020,2.00010000000001e+23,AlphaGo Master,22.195899652409235,2020-02
ALBERT-xxlarge,2.39e+21,2020-02-09,4439.921298510215,2020,2.00010000000001e+23,AlphaGo Master,21.378397900948137,2020-02
TaLK Convolution,2.78e+19,2020-02-08,0.0,2020,2.00010000000001e+23,AlphaGo Master,19.444044795918078,2020-02
Meena,1.12e+23,2020-01-28,206760.3812904988,2020,2.00010000000001e+23,AlphaGo Master,23.049218022670182,2020-01
ContextNet + Noisy Student,8.16e+21,2020-01-19,14226.054462994534,2020,2.00010000000001e+23,AlphaGo Master,21.91169015875386,2020-01
AlphaFold,1e+20,2020-01-15,0.0,2020,2.00010000000001e+23,AlphaGo Master,20.0,2020-01
DD-PPO,7.8e+20,2019-12-19,1926.8992900057376,2019,2.00010000000001e+23,AlphaGo Master,20.89209460269048,2019-12
OpenAI Five Rerun,1.3e+22,2019-12-13,0.0,2019,2.00010000000001e+23,AlphaGo Master,22.113943352306837,2019-12
OpenAI Five,6.7e+22,2019-12-13,0.0,2019,2.00010000000001e+23,AlphaGo Master,22.826074802700827,2019-12
MMLSTM,2.32e+18,2019-12-05,0.0,2019,2.00010000000001e+23,AlphaGo Master,18.3654879848909,2019-12
Transformer-XL DeFINE (141M),6.2e+18,2019-11-27,0.0,2019,2.00010000000001e+23,AlphaGo Master,18.792391689498253,2019-11
MuZero,4.8e+19,2019-11-19,0.0,2019,2.00010000000001e+23,AlphaGo Master,19.681241237375588,2019-11
Noisy Student (L2),2.612e+22,2019-11-11,43900.60644295845,2019,2.00010000000001e+23,AlphaGo Master,22.416973172603036,2019-11
Sandwich Transformer,1.58e+20,2019-11-10,0.0,2019,2.00010000000001e+23,AlphaGo Master,20.198657086954423,2019-11
CamemBERT,8.3e+20,2019-11-10,2319.5419478533995,2019,2.00010000000001e+23,AlphaGo Master,20.919078092376076,2019-11
XLM-RoBERTa,2.076e+22,2019-11-05,0.0,2019,2.00010000000001e+23,AlphaGo Master,22.31722734917642,2019-11
Base LM + kNN LM + Continuous Cache,7.3e+18,2019-11-01,0.0,2019,2.00010000000001e+23,AlphaGo Master,18.863322860120455,2019-11
AlphaStar,5.9250000000001e+22,2019-10-30,125758.09814850632,2019,2.00010000000001e+23,AlphaGo Master,22.77268835468215,2019-10
T5-11B,3.3e+22,2019-10-23,75524.39074218823,2019,2.00010000000001e+23,AlphaGo Master,22.518513939877888,2019-10
T5-3B,9.0000000001e+21,2019-10-23,1613.1944624436098,2019,2.00010000000001e+23,AlphaGo Master,21.95424250944415,2019-10
DistilBERT,1.24416e+19,2019-10-02,0.0,2019,2.00010000000001e+23,AlphaGo Master,19.094876234574144,2019-10
AlphaX-1,7.6e+18,2019-10-02,0.0,2019,2.00010000000001e+23,AlphaGo Master,18.88081359228079,2019-10
Megatron-LM (8.3B),9.1e+21,2019-09-17,106142.2892017932,2019,2.00010000000001e+23,AlphaGo Master,21.959041392321094,2019-09
Megatron-BERT,2.2e+22,2019-09-17,0.0,2019,2.00010000000001e+23,AlphaGo Master,22.342422680822207,2019-09
ResNet-152 + ObjectNet,1.94e+19,2019-09-06,0.0,2019,2.00010000000001e+23,AlphaGo Master,19.287801729930226,2019-09
UDSMProt,6.37e+17,2019-09-04,0.0,2019,2.00010000000001e+23,AlphaGo Master,17.80413943233535,2019-09
Pluribus,6.6e+16,2019-07-11,0.0,2019,2.00010000000001e+23,AlphaGo Master,16.81954393554187,2019-07
RoBERTa Large,8.5067e+21,2019-07-01,82771.07593250347,2019,2.00010000000001e+23,AlphaGo Master,21.929761117107013,2019-07
Tensorized Transformer (257M),4.76e+18,2019-06-24,0.0,2019,2.00010000000001e+23,AlphaGo Master,18.67760695272049,2019-06
AWD-LSTM + MoS + Partial Shuffled,3.28e+17,2019-06-10,0.0,2019,2.00010000000001e+23,AlphaGo Master,17.515873843711677,2019-06
Transformer-XL Large + Phrase Induction,7.3e+18,2019-06-04,0.0,2019,2.00010000000001e+23,AlphaGo Master,18.863322860120455,2019-06
XLNet,6.19e+21,2019-06-01,0.0,2019,2.00010000000001e+23,AlphaGo Master,21.79169064902012,2019-06
DLRM-2020,4e+18,2019-05-31,0.0,2019,2.00010000000001e+23,AlphaGo Master,18.602059991327963,2019-05
MnasNet-A3,1.5e+21,2019-05-29,9551.591619865148,2019,2.00010000000001e+23,AlphaGo Master,21.17609125905568,2019-05
MnasNet-A1 + SSDLite,1.5e+21,2019-05-29,9551.591619865148,2019,2.00010000000001e+23,AlphaGo Master,21.17609125905568,2019-05
AWD-LSTM-DRILL + dynamic evaluation† (WT2),4.24e+17,2019-05-14,0.0,2019,2.00010000000001e+23,AlphaGo Master,17.627365856592732,2019-05
BERT-Large-CAS (PTB+WT2+WT103),5.21e+20,2019-04-20,0.0,2019,2.00010000000001e+23,AlphaGo Master,20.716837723299523,2019-04
WeNet (Penn Treebank),7.30000001e+17,2019-04-08,0.0,2019,2.00010000000001e+23,AlphaGo Master,17.86332286071538,2019-04
Cross-lingual alignment,2.56e+18,2019-04-04,0.0,2019,2.00010000000001e+23,AlphaGo Master,18.40823996531185,2019-04
FAIRSEQ Adaptive Inputs,7.3e+18,2019-04-01,0.0,2019,2.00010000000001e+23,AlphaGo Master,18.863322860120455,2019-04
SciBERT,8.926848e+19,2019-03-26,247.26289010271603,2019,2.00010000000001e+23,AlphaGo Master,19.950698139980172,2019-03
KataGo,2.32e+19,2019-02-27,104.91425851608678,2019,2.00010000000001e+23,AlphaGo Master,19.3654879848909,2019-02
ProxylessNAS,3.70656e+19,2019-02-23,122.74110657965193,2019,2.00010000000001e+23,AlphaGo Master,19.56897103466362,2019-02
GPT-2 (1.5B),1.920000000001e+21,2019-02-14,0.0,2019,2.00010000000001e+23,AlphaGo Master,21.283301228703777,2019-02
Hanabi 4 player,4.3e+18,2019-02-01,0.0,2019,2.00010000000001e+23,AlphaGo Master,18.633468455579585,2019-02
Transformer-XL (257M),1.09e+19,2019-01-09,0.0,2019,2.00010000000001e+23,AlphaGo Master,19.037426497940622,2019-01
Decoupled weight decay regularization,2.47e+18,2019-01-04,0.0,2019,2.00010000000001e+23,AlphaGo Master,18.392696953259666,2019-01
Multi-cell LSTM,2010000000000000.0,2018-11-15,0.0,2018,2.00010000000001e+23,AlphaGo Master,15.30319605742049,2018-11
Fine-tuned-AWD-LSTM-DOC (fin),5.188e+16,2018-11-12,0.0,2018,2.00010000000001e+23,AlphaGo Master,16.71499996741204,2018-11
Mesh-TensorFlow Transformer 4.9B (language),1.617408e+20,2018-11-05,935.3300509163912,2018,2.00010000000001e+23,AlphaGo Master,20.20881958688098,2018-11
Mesh-TensorFlow Transformer 2.9B (translation),6.84288e+19,2018-11-05,395.71656000308855,2018,2.00010000000001e+23,AlphaGo Master,19.83523892406839,2018-11
TrellisNet,2.78e+18,2018-10-15,0.0,2018,2.00010000000001e+23,AlphaGo Master,18.444044795918078,2018-10
BERT-Large,2.85e+20,2018-10-11,1751.4770087736404,2018,2.00010000000001e+23,AlphaGo Master,20.45484486000851,2018-10
Transformer (Adaptive Input Embeddings) WT103,4.47e+19,2018-09-28,2880.917278699733,2018,2.00010000000001e+23,AlphaGo Master,19.650307523131936,2018-09
BigGAN-deep 512x512,1.8e+21,2018-09-28,5170.456705747183,2018,2.00010000000001e+23,AlphaGo Master,21.255272505103306,2018-09
LSTM+NeuralCache,1020000000000000.0,2018-09-24,0.0,2018,2.00010000000001e+23,AlphaGo Master,15.008600171761918,2018-09
Transformer + Simple Recurrent Unit,1.1e+19,2018-09-17,45.37321924485877,2018,2.00010000000001e+23,AlphaGo Master,19.041392685158225,2018-09
(ensemble): AWD-LSTM-DOC (fin) × 5 (WT2),6.93e+17,2018-08-30,0.0,2018,2.00010000000001e+23,AlphaGo Master,17.840733234611807,2018-08
Big Transformer for Back-Translation,4.7808e+20,2018-08-28,2442.1618775733145,2018,2.00010000000001e+23,AlphaGo Master,20.679500575799285,2018-08
Big-Little Net (speech),4.290048e+17,2018-07-10,0.0,2018,2.00010000000001e+23,AlphaGo Master,17.6324621513965,2018-07
Big-Little Net,2.46048e+17,2018-07-10,0.0,2018,2.00010000000001e+23,AlphaGo Master,17.391019839223812,2018-07
Population-based DRL,3.49e+19,2018-07-03,0.0,2018,2.00010000000001e+23,AlphaGo Master,19.54282542695918,2018-07
QT-Opt,3.4875e+19,2018-06-27,1317.8035861002786,2018,2.00010000000001e+23,AlphaGo Master,19.542514216281653,2018-06
DARTS,1.1e+16,2018-06-24,0.0,2018,2.00010000000001e+23,AlphaGo Master,16.041392685158225,2018-06
GPT-1,1.7578125e+19,2018-06-01,0.0,2018,2.00010000000001e+23,AlphaGo Master,19.244972548463494,2018-06
aLSTM(depth-2)+RecurrentPolicy (WT2),7.59e+16,2018-05-22,0.0,2018,2.00010000000001e+23,AlphaGo Master,16.88024177589548,2018-05
Dropout-LSTM+Noise(Bernoulli) (WT2),1.27e+17,2018-05-03,0.0,2018,2.00010000000001e+23,AlphaGo Master,17.103803720955955,2018-05
ResNeXt-101 32x48d,8.74395e+21,2018-05-02,0.0,2018,2.00010000000001e+23,AlphaGo Master,21.9417076655489,2018-05
YOLOv3,5.093919992e+19,2018-04-08,0.0,2018,2.00010000000001e+23,AlphaGo Master,19.707052119405418,2018-04
"LSTM (Hebbian, Cache, MbPA)",3.33e+19,2018-03-27,590.5320553042133,2018,2.00010000000001e+23,AlphaGo Master,19.52244423350632,2018-03
4 layer QRNN (h=2500),2.4e+17,2018-03-22,0.0,2018,2.00010000000001e+23,AlphaGo Master,17.380211241711606,2018-03
ENAS,2.01e+16,2018-02-09,0.0,2018,2.00010000000001e+23,AlphaGo Master,16.30319605742049,2018-02
IMPALA,1.68e+20,2018-02-05,53.42846804494412,2018,2.00010000000001e+23,AlphaGo Master,20.225309281725863,2018-02
AmoebaNet-A (F=448),3.85296912e+20,2018-02-05,11766.339677271537,2018,2.00010000000001e+23,AlphaGo Master,20.585795528331104,2018-02
QRNN,3.6e+17,2018-02-01,0.0,2018,2.00010000000001e+23,AlphaGo Master,17.556302500767288,2018-02
ULM-FiT,2.72538e+17,2018-01-18,0.0,2018,2.00010000000001e+23,AlphaGo Master,17.435427064556656,2018-01
Refined Part Pooling,2.6244e+16,2018-01-09,0.0,2018,2.00010000000001e+23,AlphaGo Master,16.419030029085263,2018-01
2-layer-LSTM+Deep-Gradient-Compression,1340000000000000.0,2017-12-05,0.0,2017,2.00010000000001e+23,AlphaGo Master,15.127104798364808,2017-12
PNASNet-5,6.62904e+19,2017-12-02,0.0,2017,2.00010000000001e+23,AlphaGo Master,19.821450639582753,2017-12
"AWD-LSTM-MoS + dynamic evaluation (WT2, 2017)",4.37e+17,2017-11-10,0.0,2017,2.00010000000001e+23,AlphaGo Master,17.640481436970422,2017-11
Fraternal dropout + AWD-LSTM 3-layer (WT2),9.85e+16,2017-10-31,0.0,2017,2.00010000000001e+23,AlphaGo Master,16.99343623049761,2017-10
AlphaGo Master,2.00010000000001e+23,2017-10-19,471445.3247973037,2017,2.00010000000001e+23,AlphaGo Master,23.30105170984523,2017-10
AWD-LSTM+WT+Cache+IOG (WT2),3310000000000000.0,2017-09-26,0.0,2017,6.620000000001e+21,GNMT,15.519827993775719,2017-09
ISS,3400000000000000.0,2017-09-15,0.0,2017,6.620000000001e+21,GNMT,15.531478917042255,2017-09
PyramidNet,2340000000000000.0,2017-09-06,0.0,2017,6.620000000001e+21,GNMT,15.369215857410143,2017-09
GL-LWGC-AWD-MoS-LSTM + dynamic evaluation (WT2),4.74e+17,2017-08-29,0.0,2017,6.620000000001e+21,GNMT,17.675778341674086,2017-08
Libratus,5.51e+20,2017-08-19,0.0,2017,6.620000000001e+21,GNMT,20.741151598851786,2017-08
EI-REHN-1000D,1.06e+16,2017-08-14,0.0,2017,6.620000000001e+21,GNMT,16.02530586526477,2017-08
OpenAI TI7 DOTA 1v1,6.046095222592002e+20,2017-08-11,0.0,2017,6.620000000001e+21,GNMT,20.78147498278897,2017-08
RetinaNet-R101,2.065392e+18,2017-08-07,0.0,2017,6.620000000001e+21,GNMT,18.3150024905107,2017-08
AWD-LSTM - 3-layer LSTM (tied) + continuous cache pointer (WT2),3.09e+17,2017-08-07,0.0,2017,6.620000000001e+21,GNMT,17.489958479424836,2017-08
ConvS2S (ensemble of 8 models),5.64e+19,2017-07-25,0.0,2017,6.620000000001e+21,GNMT,19.751279103983343,2017-07
JFT,8.43e+20,2017-07-10,17239.593034773116,2017,6.620000000001e+21,GNMT,20.92582757462474,2017-07
Transformer,7.4245248e+18,2017-06-12,438.0356518424336,2017,6.620000000001e+21,GNMT,18.870668662252935,2017-06
MoE-Multi,9.393905664e+19,2017-01-23,3863.735305110515,2017,6.620000000001e+21,GNMT,19.972846194573016,2017-01
DeepStack,1.446336e+19,2017-01-06,0.0,2017,6.620000000001e+21,GNMT,19.160269196136134,2017-01
PolyNet,6.4e+19,2016-11-17,615.5480459425461,2016,6.620000000001e+21,GNMT,19.806179973983888,2016-11
NASv3 (CIFAR-10),2.2e+21,2016-11-05,0.0,2016,6.620000000001e+21,GNMT,21.342422680822207,2016-11
NAS with base 8 and shared embeddings,1.05e+16,2016-11-05,0.0,2016,6.620000000001e+21,GNMT,16.02118929906994,2016-11
BIDAF,3.4686144e+18,2016-11-05,41.25014556779628,2016,6.620000000001e+21,GNMT,18.540156022741968,2016-11
VD-LSTM+REAL Large,2.13e+16,2016-11-04,0.0,2016,6.620000000001e+21,GNMT,16.328379603438737,2016-11
SPIDER2,1.822e+16,2016-10-28,0.0,2016,6.620000000001e+21,GNMT,16.26054837263698,2016-10
Xception,4.36e+20,2016-10-07,12617.626833005994,2016,6.620000000001e+21,GNMT,20.639486489268585,2016-10
Zoneout + Variational LSTM (WT2),1.68e+16,2016-09-26,0.0,2016,6.620000000001e+21,GNMT,16.225309281725863,2016-09
Pointer Sentinel-LSTM (medium),7490000000000000.0,2016-09-26,0.0,2016,1.9e+21,AlphaGo Lee,15.874481817699467,2016-09
GNMT,6.620000000001e+21,2016-09-26,193787.11043815003,2016,6.620000000001e+21,GNMT,21.820857989439766,2016-09
ResNet-200,2.9741645e+19,2016-09-17,0.0,2016,1.9e+21,AlphaGo Lee,19.4733649855264,2016-09
VD-RHN,3570000000000000.0,2016-07-12,0.0,2016,1.9e+21,AlphaGo Lee,15.552668216112194,2016-07
R-FCN,6.1492939794e+16,2016-06-21,0.0,2016,1.9e+21,AlphaGo Lee,16.78882525586451,2016-06
Part-of-sentence tagging model,1.454112e+17,2016-05-29,0.0,2016,1.9e+21,AlphaGo Lee,17.162597858454717,2016-05
Named Entity Recognition model,9.69408e+16,2016-05-29,0.0,2016,1.9e+21,AlphaGo Lee,16.986506599399036,2016-05
AlphaGo Lee,1.9e+21,2016-01-27,0.0,2016,1.9e+21,AlphaGo Lee,21.27875360095283,2016-01
"Variational (untied weights, MC) LSTM (Large)",5620000000000000.0,2015-12-16,0.0,2015,3.8e+20,AlphaGo Fan,15.749736315569061,2015-12
ResNet-152 (ImageNet),1.041408e+19,2015-12-10,0.0,2015,3.8e+20,AlphaGo Fan,19.017620909562556,2015-12
DeepSpeech2 (English),2.6e+19,2015-12-08,206.30577788417412,2015,3.8e+20,AlphaGo Fan,19.414973347970818,2015-12
AlphaGo Fan,3.8e+20,2015-10-01,0.0,2015,3.8e+20,AlphaGo Fan,20.57978359661681,2015-10
LSTM-Char-Large,2650000000000000.0,2015-08-26,0.0,2015,2.97600000001e+20,SNM-skip,15.423245873936807,2015-08
Search-Proven Best LSTM,3340000000000000.0,2015-07-06,0.0,2015,2.97600000001e+20,SNM-skip,15.523746466811565,2015-07
genCNN + dyn eval,7.3e+16,2015-03-17,0.0,2015,2.97600000001e+20,SNM-skip,16.863322860120455,2015-03
"MSRA (C, PReLU)",2.397403008e+19,2015-02-06,0.0,2015,2.97600000001e+20,SNM-skip,19.37974104589798,2015-02
ADAM (CIFAR-10),6.048e+16,2014-12-22,0.0,2014,2.97600000001e+20,SNM-skip,16.78161178249315,2014-12
Fractional Max-Pooling,1e+17,2014-12-18,0.0,2014,2.97600000001e+20,SNM-skip,17.0,2014-12
SNM-skip,2.97600000001e+20,2014-12-03,0.0,2014,2.97600000001e+20,SNM-skip,20.4736329268753,2014-12
GoogLeNet / InceptionV1,1.51e+18,2014-09-17,0.0,2014,5.6e+19,Seq2Seq LSTM,18.17897694729317,2014-09
SPN-4+KN5,4.4e+16,2014-09-14,0.0,2014,5.6e+19,Seq2Seq LSTM,16.643452676486188,2014-09
Seq2Seq LSTM,5.6e+19,2014-09-10,0.0,2014,5.6e+19,Seq2Seq LSTM,19.7481880270062,2014-09
Large regularized LSTM,9.1e+16,2014-09-08,0.0,2014,1.2291e+19,VGG16,16.959041392321094,2014-09
VGG16,1.2291e+19,2014-09-04,0.0,2014,1.2291e+19,VGG16,19.089587218672804,2014-09
RNNsearch-50*,1.5552e+18,2014-09-01,0.0,2014,3.411072e+18,SPPNet,18.1917862475822,2014-09
SmooCT,6.9e+16,2014-07-01,0.0,2014,3.411072e+18,SPPNet,16.838849090737256,2014-07
SPPNet,3.411072e+18,2014-06-18,0.0,2014,3.411072e+18,SPPNet,18.532890886476494,2014-06
GANs,5.184e+17,2014-06-10,0.0,2014,2.612736e+18,DistBelief NNLM,17.714664992862538,2014-06
Image generation,475200000000000.0,2013-12-20,0.0,2013,2.612736e+18,DistBelief NNLM,14.676876431973136,2013-12
DQN,2300000000000000.0,2013-12-19,0.0,2013,2.612736e+18,DistBelief NNLM,15.361727836017593,2013-12
TransE,1.340928e+18,2013-12-05,0.0,2013,2.612736e+18,DistBelief NNLM,18.127405459401064,2013-12
Visualizing CNNs,5.32e+17,2013-11-12,0.0,2013,2.612736e+18,DistBelief NNLM,17.72591163229505,2013-11
Word2Vec (large),3.888e+16,2013-10-16,0.0,2013,2.612736e+18,DistBelief NNLM,16.589726256254238,2013-10
RNTN,1.422e+16,2013-10-01,0.0,2013,2.612736e+18,DistBelief NNLM,16.15289959639375,2013-10
RCTM,9331200000000000.0,2013-10-01,0.0,2013,2.612736e+18,DistBelief NNLM,15.969937497965843,2013-10
Mitosis,1.37e+17,2013-09-22,0.0,2013,2.612736e+18,DistBelief NNLM,17.136720567156406,2013-09
RNN+weight noise+dynamic eval,4210000000000000.0,2013-08-04,0.0,2013,2.612736e+18,DistBelief NNLM,15.62428209583567,2013-08
Fisher Vector image classifier,90842400000000.0,2013-06-12,0.0,2013,2.612736e+18,DistBelief NNLM,13.95828859949076,2013-06
ReLU-Speech,1.2773376e+17,2013-05-26,0.0,2013,2.612736e+18,DistBelief NNLM,17.106305696354926,2013-05
DistBelief NNLM,2.612736e+18,2013-01-16,0.0,2013,2.612736e+18,DistBelief NNLM,18.417095529308064,2013-01
DistBelief Speech,3.114e+17,2012-12-03,0.0,2012,1.4494464e+18,SB-LM,17.4933186082321,2012-12
AlexNet,4.7e+17,2012-09-30,0.0,2012,1.4494464e+18,SB-LM,17.672097857935718,2012-09
LSTM LM,1.66e+16,2012-09-09,0.0,2012,1.4494464e+18,SB-LM,16.220108088040057,2012-09
Unsupervised High-level Feature Learner,6e+17,2012-07-12,0.0,2012,1.4494464e+18,SB-LM,17.778151250383644,2012-07
Dropout (MNIST),6039370800000000.0,2012-06-03,0.0,2012,1.4494464e+18,SB-LM,15.78099169485922,2012-06
Dropout (ImageNet),2.731968e+17,2012-06-03,0.0,2012,1.4494464e+18,SB-LM,17.436475608075085,2012-06
Dropout (CIFAR),4268700000000000.0,2012-06-03,0.0,2012,1.4494464e+18,SB-LM,15.630295634091196,2012-06
MCDNN (MNIST),3726979200000000.0,2012-02-13,0.0,2012,1.4494464e+18,SB-LM,15.57135696899467,2012-02
Deep Autoencoders,3.672864e+16,2011-04-29,0.0,2011,1.4494464e+18,SB-LM,16.565004847446016,2011-04
RNN LM,5.396e+16,2010-09-26,0.0,2010,1.4494464e+18,SB-LM,16.732071940999866,2010-09
Feedforward NN,350000000000000.0,2010-05-13,0.0,2010,1.4494464e+18,SB-LM,14.544068044350276,2010-05
6-layer MLP (MNIST),130788000000000.0,2010-03-01,0.0,2010,1.4494464e+18,SB-LM,14.116567898630002,2010-03
GPU DBNs,1000000000000000.0,2009-06-15,0.0,2009,1.4494464e+18,SB-LM,15.0,2009-06
SB-LM,1.4494464e+18,2007-06-22,0.0,2007,1.4494464e+18,SB-LM,18.16120215993618,2007-06
KN-LM,7.7303808e+17,2007-06-22,0.0,2007,7.7303808e+17,KN-LM,17.888200887872443,2007-06
Sparse Vision Encoding,9604800000000.0,2006-11-01,0.0,2006,6339000000000000.0,Neural LM,12.982488326011799,2006-11
RankNet,3482081588304.0,2005-08-07,0.0,2005,6339000000000000.0,Neural LM,12.54183894281092,2005-08
BiLSTM for Speech,24124575958774.88,2005-08-01,0.0,2005,6339000000000000.0,Neural LM,13.38245968842484,2005-08
Hierarchical LM,115848000000000.0,2005-01-06,0.0,2005,6339000000000000.0,Neural LM,14.063888540530298,2005-01
LMICA,2782080000000000.0,2004-12-01,0.0,2004,6339000000000000.0,Neural LM,15.444369614174724,2004-12
Invariant CNN,974230000000.0,2004-06-27,0.0,2004,6339000000000000.0,Neural LM,11.98866149891041,2004-06
NPLM,1303898760000000.0,2003-03-15,0.0,2003,6339000000000000.0,Neural LM,15.11524387231597,2003-03
Decision tree (classification),63000000000000.0,2001-12-08,0.0,2001,6339000000000000.0,Neural LM,13.799340549453582,2001-12
PoE MNIST,51810000000000.0,2000-11-28,0.0,2000,51810000000000.0,PoE MNIST,13.714413592287121,2000-11
Neural LM,6339000000000000.0,2000-11-28,0.0,2000,6339000000000000.0,Neural LM,15.802020751771975,2000-11
LeNet-5,2810937600000.0,1998-11-01,0.0,1998,21008000000000.0,LSTM,12.44885120481183,1998-11
LSTM,21008000000000.0,1997-11-15,0.0,1997,21008000000000.0,LSTM,13.322384708745403,1997-11
System 11,12930000000.0,1996-06-18,0.0,1996,18621900000000.0,Predictive Coding NN,10.111598524880394,1996-06
MUSIC perceptron,881733600000.0,1996-06-03,0.0,1996,18621900000000.0,Predictive Coding NN,11.945337390657938,1996-06
LISSOM,195544800000.0,1995-11-27,0.0,1995,18621900000000.0,Predictive Coding NN,11.291246271521425,1995-11
Predictive Coding NN,18621900000000.0,1994-12-02,0.0,1994,18621900000000.0,Predictive Coding NN,13.270023990147928,1994-12
NeuroChess,858730812676.0,1994-12-02,0.0,1994,18232157622832.703,TD-Gammon,11.933857046379654,1994-12
Mixture of linear models,453600000000.0,1994-12-02,0.0,1994,18232157622832.703,TD-Gammon,11.65667304588485,1994-12
JPMAX,80828280.0,1994-12-02,0.0,1994,18621900000000.0,Predictive Coding NN,7.90756333724892,1994-12
Ceramic-MLP,4531200000.0,1994-01-07,0.0,1994,18232157622832.703,TD-Gammon,9.656213231673656,1994-01
ANN Eye Tracker,17534400000.0,1993-11-29,0.0,1993,18232157622832.703,TD-Gammon,10.243890909587504,1993-11
Siamese-TDNN,12869570138112.0,1993-08-01,0.0,1993,18232157622832.703,TD-Gammon,13.109564041095242,1993-08
Cancer drug mechanism prediction,53460000.0,1992-10-16,0.0,1992,18232157622832.703,TD-Gammon,7.728028954420519,1992-10
Fuzzy NN,1403117760.0,1992-09-01,0.0,1992,18232157622832.703,TD-Gammon,9.1470941217568,1992-09
TD-Gammon,18232157622832.703,1992-05-01,0.0,1992,18232157622832.703,TD-Gammon,13.260838066803219,1992-05
Weight Decay,75474000000.0,1991-12-02,0.0,1991,181440000000.0,Handwritten Digit Recognition System,10.877797367506874,1991-12
SexNet compression,78775200000.0,1990-10-01,0.0,1990,181440000000.0,Handwritten Digit Recognition System,10.896389514464712,1990-10
Bankruptcy-NN,3059337600.0,1990-06-17,0.0,1990,181440000000.0,Handwritten Digit Recognition System,9.485627404322733,1990-06
Innervator,120000000.0,1989-12-01,0.0,1989,181440000000.0,Handwritten Digit Recognition System,8.079181246047625,1989-12
ALVINN,10548576000.0,1989-12-01,0.0,1989,181440000000.0,Handwritten Digit Recognition System,10.023193836213517,1989-12
Speaker-independent vowel classification,7485696000.0,1989-11-27,0.0,1989,28328002560.0,NetTalk (transcription),9.874232186096156,1989-11
Handwritten Digit Recognition System,181440000000.0,1989-11-27,0.0,1989,181440000000.0,Handwritten Digit Recognition System,11.258733037212812,1989-11
Invariant image recognition,27000000000.0,1989-06-18,0.0,1989,28328002560.0,NetTalk (transcription),10.431363764158988,1989-06
MLN-ASR,296425000.0,1988-08-01,0.0,1988,28328002560.0,NetTalk (transcription),8.471914828538695,1988-08
NetTalk (transcription),28328002560.0,1987-06-06,0.0,1987,28328002560.0,NetTalk (transcription),10.452215952997225,1987-06
NetTalk (dictionary),27664065000.0,1987-06-06,0.0,1987,27664065000.0,NetTalk (dictionary),10.441915996357412,1987-06
Back-propagation,124416000.0,1986-10-01,0.0,1986,720000000.0,Perceptron (1960),8.094876234574143,1986-10
Distributed representation NN,388800000.0,1986-08-15,0.0,1986,720000000.0,Perceptron (1960),8.589726256254236,1986-08
ASE+ACE,324000000.0,1983-09-01,0.0,1983,720000000.0,Perceptron (1960),8.510545010206613,1983-09
Neocognitron,228115200.0,1980-04-01,0.0,1980,720000000.0,Perceptron (1960),8.358154224584798,1980-04
Cognitron,5760000.0,1975-09-01,0.0,1975,720000000.0,Perceptron (1960),6.760422483423212,1975-09
LTE speaker verification system,105917060.0,1966-11-01,0.0,1966,720000000.0,Perceptron (1960),8.024965917304296,1966-11
Heuristic Reinforcement Learning,1080000.0,1965-10-01,0.0,1965,720000000.0,Perceptron (1960),6.033423755486949,1965-10
Print Recognition Logic,22500000.0,1963-01-01,0.0,1963,720000000.0,Perceptron (1960),7.352182518111363,1963-01
Linear Decision Functions,1559250.0,1962-06-01,0.0,1962,720000000.0,Perceptron (1960),6.192915752723169,1962-06
ADALINE,9900.0,1960-06-30,0.0,1960,720000000.0,Perceptron (1960),3.99563519459755,1960-06
Perceptron (1960),720000000.0,1960-03-30,0.0,1960,720000000.0,Perceptron (1960),8.857332496431269,1960-03
Samuel Neural Checkers,428400000.0,1959-07-01,0.0,1959,600000000.0,Pandemonium (morse),8.631849462159819,1959-07
Pandemonium (morse),600000000.0,1959-02-01,0.0,1959,600000000.0,Pandemonium (morse),8.778151250383644,1959-02
Perceptron Mark I,694894.9377361819,1957-01-01,0.0,1957,694894.9377361819,Perceptron Mark I,5.8419191478843,1957-01
Theseus,40.0,1950-07-02,0.0,1950,40.0,Theseus,1.6020599913279623,1950-07
